{"version": "1", "message": "ERROR: Hidden Testcases server unreachable.", "problem_id": "ads2_m2_a1_1", "user_id": "KujithaMannepuri", "score": {"sample": {"0": {"execution_time": 0.19722509384155273, "passed": true}, "1": {"execution_time": 0.3092663288116455, "passed": true}, "2": {"execution_time": 0.29320645332336426, "passed": true}, "3": {"execution_time": 0.3106546401977539, "passed": true}, "4": {"execution_time": 0.3094503879547119, "passed": true}, "5": {"execution_time": 0.3087003231048584, "passed": true}, "6": {"execution_time": 0.30919313430786133, "passed": true}, "7": {"execution_time": 0.2985842227935791, "passed": true}, "8": {"execution_time": 0.3107476234436035, "passed": true}, "9": {"execution_time": 0.29735422134399414, "passed": true}, "10": {"execution_time": 0.298856258392334, "passed": true}, "11": {"execution_time": 0.2931332588195801, "passed": true}, "12": {"execution_time": 0.3044579029083252, "passed": true}, "13": {"execution_time": 0.3122692108154297, "passed": true}, "14": {"execution_time": 0.3026769161224365, "passed": true}, "15": {"execution_time": 0.3372817039489746, "passed": true}, "16": {"execution_time": 0.3383612632751465, "passed": true}, "17": {"execution_time": 0.49022579193115234, "passed": true}, "18": {"execution_time": 0.4015345573425293, "passed": true}, "19": {"execution_time": 0.37349390983581543, "passed": true}, "20": {"execution_time": 0.4044370651245117, "passed": true}, "21": {"execution_time": 0.5055146217346191, "passed": true}, "22": {"execution_time": 0.6041550636291504, "passed": true}, "23": {"execution_time": 0.5644283294677734, "passed": true}}}, "check_style_score": "0/1"}