{"version": "1", "message": "ERROR: Hidden Testcases server unreachable.", "problem_id": "ads2_m2_a1_1", "user_id": "KujithaMannepuri", "score": {"sample": {"0": {"execution_time": 0.7327439785003662, "passed": true}, "1": {"execution_time": 0.14896726608276367, "passed": true}, "2": {"execution_time": 0.3268115520477295, "passed": true}, "3": {"execution_time": 0.2931818962097168, "passed": true}, "4": {"execution_time": 0.31073904037475586, "passed": true}, "5": {"execution_time": 0.29223132133483887, "passed": true}, "6": {"execution_time": 0.3013434410095215, "passed": true}, "7": {"execution_time": 0.2955892086029053, "passed": true}, "8": {"execution_time": 0.2976691722869873, "passed": true}, "9": {"execution_time": 0.3123149871826172, "passed": true}, "10": {"execution_time": 0.2992889881134033, "passed": true}, "11": {"execution_time": 0.29945802688598633, "passed": true}, "12": {"execution_time": 0.2927560806274414, "passed": true}, "13": {"execution_time": 0.3116879463195801, "passed": true}, "14": {"execution_time": 0.3144106864929199, "passed": true}, "15": {"execution_time": 0.32438206672668457, "passed": true}, "16": {"execution_time": 0.45927953720092773, "passed": true}, "17": {"execution_time": 0.4332306385040283, "passed": true}, "18": {"execution_time": 0.346271276473999, "passed": true}, "19": {"execution_time": 0.3642570972442627, "passed": true}, "20": {"execution_time": 0.44879770278930664, "passed": true}, "21": {"execution_time": 0.32618260383605957, "passed": true}, "22": {"execution_time": 0.4028949737548828, "passed": true}, "23": {"execution_time": 0.458667516708374, "passed": true}}}, "check_style_score": "0/1"}