{"version": "1", "message": "ERROR: Hidden Testcases server unreachable.", "problem_id": "ads2_m2_a1_1", "user_id": "KujithaMannepuri", "score": {"sample": {"0": {"execution_time": 0.1811966896057129, "passed": true}, "1": {"execution_time": 0.14942526817321777, "passed": true}, "2": {"execution_time": 0.149169921875, "passed": true}, "3": {"execution_time": 0.21530532836914062, "passed": true}, "4": {"execution_time": 0.14929556846618652, "passed": true}, "5": {"execution_time": 0.15059757232666016, "passed": true}, "6": {"execution_time": 0.15003132820129395, "passed": true}, "7": {"execution_time": 0.14948725700378418, "passed": true}, "8": {"execution_time": 0.1918048858642578, "passed": true}, "9": {"execution_time": 0.16444945335388184, "passed": true}, "10": {"execution_time": 0.14949369430541992, "passed": true}, "11": {"execution_time": 0.14945125579833984, "passed": true}, "12": {"execution_time": 0.1497514247894287, "passed": true}, "13": {"execution_time": 0.14980101585388184, "passed": true}, "14": {"execution_time": 0.18739986419677734, "passed": true}, "15": {"execution_time": 0.1674952507019043, "passed": true}, "16": {"execution_time": 0.21179795265197754, "passed": true}, "17": {"execution_time": 0.19417738914489746, "passed": true}, "18": {"execution_time": 0.1808464527130127, "passed": true}, "19": {"execution_time": 0.21791386604309082, "passed": true}, "20": {"execution_time": 0.19614338874816895, "passed": true}, "21": {"execution_time": 0.1678614616394043, "passed": true}, "22": {"execution_time": 0.21233344078063965, "passed": true}, "23": {"execution_time": 0.24629616737365723, "passed": true}}}, "check_style_score": "1/1"}