{"version": "1", "message": "ERROR: Hidden Testcases server unreachable.", "problem_id": "ads2_m2_a1_1", "user_id": "KujithaMannepuri", "score": {"sample": {"0": {"execution_time": 0.256176233291626, "passed": true}, "1": {"execution_time": 0.32259559631347656, "passed": true}, "2": {"execution_time": 0.30668020248413086, "passed": true}, "3": {"execution_time": 0.3025531768798828, "passed": true}, "4": {"execution_time": 0.22592687606811523, "passed": true}, "5": {"execution_time": 0.15696954727172852, "passed": true}, "6": {"execution_time": 0.2130577564239502, "passed": true}, "7": {"execution_time": 0.29195404052734375, "passed": true}, "8": {"execution_time": 0.2823171615600586, "passed": true}, "9": {"execution_time": 0.2927100658416748, "passed": true}, "10": {"execution_time": 0.29151463508605957, "passed": true}, "11": {"execution_time": 0.2998950481414795, "passed": true}, "12": {"execution_time": 0.3016469478607178, "passed": true}, "13": {"execution_time": 0.2927212715148926, "passed": true}, "14": {"execution_time": 0.29434847831726074, "passed": true}, "15": {"execution_time": 0.33160877227783203, "passed": true}, "16": {"execution_time": 0.3318469524383545, "passed": true}, "17": {"execution_time": 0.35510945320129395, "passed": true}, "18": {"execution_time": 0.3390059471130371, "passed": true}, "19": {"execution_time": 0.3628120422363281, "passed": true}, "20": {"execution_time": 0.38166379928588867, "passed": true}, "21": {"execution_time": 0.2924513816833496, "passed": true}, "22": {"execution_time": 0.4012641906738281, "passed": true}, "23": {"execution_time": 0.4109153747558594, "passed": true}}}, "check_style_score": "0/1"}