{"version": "1", "message": "ERROR: Hidden Testcases server unreachable.", "problem_id": "ads2_m2_a1_1", "user_id": "KujithaMannepuri", "score": {"sample": {"0": {"execution_time": 0.19987869262695312, "passed": true}, "1": {"execution_time": 0.14995861053466797, "passed": true}, "2": {"execution_time": 0.14954185485839844, "passed": true}, "3": {"execution_time": 0.2236166000366211, "passed": true}, "4": {"execution_time": 0.20069146156311035, "passed": true}, "5": {"execution_time": 0.14967727661132812, "passed": true}, "6": {"execution_time": 0.3048546314239502, "passed": true}, "7": {"execution_time": 0.16983509063720703, "passed": true}, "8": {"execution_time": 0.1551353931427002, "passed": true}, "9": {"execution_time": 0.20031952857971191, "passed": true}, "10": {"execution_time": 0.14824819564819336, "passed": true}, "11": {"execution_time": 0.15415525436401367, "passed": true}, "12": {"execution_time": 0.19110965728759766, "passed": true}, "13": {"execution_time": 0.16521954536437988, "passed": true}, "14": {"execution_time": 0.1497335433959961, "passed": true}, "15": {"execution_time": 0.21685123443603516, "passed": true}, "16": {"execution_time": 0.18005967140197754, "passed": true}, "17": {"execution_time": 0.23441267013549805, "passed": true}, "18": {"execution_time": 0.18092584609985352, "passed": true}, "19": {"execution_time": 0.1959218978881836, "passed": true}, "20": {"execution_time": 0.2270350456237793, "passed": true}, "21": {"execution_time": 0.19343090057373047, "passed": true}, "22": {"execution_time": 0.23110103607177734, "passed": true}, "23": {"execution_time": 0.22751212120056152, "passed": true}}}, "check_style_score": "0/1"}