{"version": "1", "message": "ERROR: Hidden Testcases server unreachable.", "problem_id": "ads2_m2_a1_1", "user_id": "KujithaMannepuri", "score": {"sample": {"0": {"execution_time": 0.18090152740478516, "passed": true}, "1": {"execution_time": 0.1513195037841797, "passed": true}, "2": {"execution_time": 0.16155099868774414, "passed": true}, "3": {"execution_time": 0.14962506294250488, "passed": true}, "4": {"execution_time": 0.14979791641235352, "passed": true}, "5": {"execution_time": 0.16594386100769043, "passed": true}, "6": {"execution_time": 0.16487360000610352, "passed": true}, "7": {"execution_time": 0.17328643798828125, "passed": true}, "8": {"execution_time": 0.18036627769470215, "passed": true}, "9": {"execution_time": 0.15013790130615234, "passed": true}, "10": {"execution_time": 0.1521308422088623, "passed": true}, "11": {"execution_time": 0.15147733688354492, "passed": true}, "12": {"execution_time": 0.17136859893798828, "passed": true}, "13": {"execution_time": 0.14909148216247559, "passed": true}, "14": {"execution_time": 0.2617936134338379, "passed": true}, "15": {"execution_time": 0.18118977546691895, "passed": true}, "16": {"execution_time": 0.19722533226013184, "passed": true}, "17": {"execution_time": 0.19723272323608398, "passed": true}, "18": {"execution_time": 0.182936429977417, "passed": true}, "19": {"execution_time": 0.22957587242126465, "passed": true}, "20": {"execution_time": 0.21173954010009766, "passed": true}, "21": {"execution_time": 0.1676642894744873, "passed": true}, "22": {"execution_time": 0.2617831230163574, "passed": true}, "23": {"execution_time": 0.2935972213745117, "passed": true}}}, "check_style_score": "0/1"}