{"version": "1", "message": "ERROR: Hidden Testcases server unreachable.", "problem_id": "ads2_m2_a1_1", "user_id": "KujithaMannepuri", "score": {"sample": {"0": {"execution_time": 0.30545973777770996, "passed": true}, "1": {"execution_time": 0.3403894901275635, "passed": true}, "2": {"execution_time": 0.31203508377075195, "passed": true}, "3": {"execution_time": 0.30112671852111816, "passed": true}, "4": {"execution_time": 0.29213976860046387, "passed": true}, "5": {"execution_time": 0.3014407157897949, "passed": true}, "6": {"execution_time": 0.3081662654876709, "passed": true}, "7": {"execution_time": 0.30392909049987793, "passed": true}, "8": {"execution_time": 0.3172440528869629, "passed": true}, "9": {"execution_time": 0.2926297187805176, "passed": true}, "10": {"execution_time": 0.34457993507385254, "passed": true}, "11": {"execution_time": 0.30041074752807617, "passed": true}, "12": {"execution_time": 0.3102128505706787, "passed": true}, "13": {"execution_time": 0.3084235191345215, "passed": true}, "14": {"execution_time": 0.323742151260376, "passed": true}, "15": {"execution_time": 0.3326992988586426, "passed": true}, "16": {"execution_time": 0.3394806385040283, "passed": true}, "17": {"execution_time": 0.4179508686065674, "passed": true}, "18": {"execution_time": 0.35484790802001953, "passed": true}, "19": {"execution_time": 0.35986900329589844, "passed": true}, "20": {"execution_time": 0.3826596736907959, "passed": true}, "21": {"execution_time": 0.32495617866516113, "passed": true}, "22": {"execution_time": 0.3961355686187744, "passed": true}, "23": {"execution_time": 0.38632941246032715, "passed": true}}}, "check_style_score": "0/1"}