{"version": "1", "message": "ERROR: Hidden Testcases server unreachable.", "problem_id": "ads2_m2_a1_1", "user_id": "KujithaMannepuri", "score": {"sample": {"0": {"execution_time": 0.3631014823913574, "passed": true}, "1": {"execution_time": 0.37170982360839844, "passed": true}, "2": {"execution_time": 0.32823753356933594, "passed": true}, "3": {"execution_time": 0.3012568950653076, "passed": true}, "4": {"execution_time": 0.31476521492004395, "passed": true}, "5": {"execution_time": 0.33504438400268555, "passed": true}, "6": {"execution_time": 0.43407106399536133, "passed": true}, "7": {"execution_time": 0.3758103847503662, "passed": true}, "8": {"execution_time": 0.296832799911499, "passed": true}, "9": {"execution_time": 0.34936952590942383, "passed": true}, "10": {"execution_time": 0.33603858947753906, "passed": true}, "11": {"execution_time": 0.3138089179992676, "passed": true}, "12": {"execution_time": 0.30266499519348145, "passed": true}, "13": {"execution_time": 0.3190641403198242, "passed": true}, "14": {"execution_time": 0.3120584487915039, "passed": true}, "15": {"execution_time": 0.33653759956359863, "passed": true}, "16": {"execution_time": 0.32971954345703125, "passed": true}, "17": {"execution_time": 0.3809370994567871, "passed": true}, "18": {"execution_time": 0.37740612030029297, "passed": true}, "19": {"execution_time": 0.4065563678741455, "passed": true}, "20": {"execution_time": 0.394970178604126, "passed": true}, "21": {"execution_time": 0.3152964115142822, "passed": true}, "22": {"execution_time": 0.41822385787963867, "passed": true}, "23": {"execution_time": 0.4316141605377197, "passed": true}}}, "check_style_score": "0/1"}