{"version": "1", "message": "ERROR: Hidden Testcases server unreachable.", "problem_id": "ads2_m2_a1_1", "user_id": "KujithaMannepuri", "score": {"sample": {"0": {"execution_time": 0.22771859169006348, "passed": true}, "1": {"execution_time": 0.18359637260437012, "passed": true}, "2": {"execution_time": 0.2933318614959717, "passed": true}, "3": {"execution_time": 0.29999375343322754, "passed": true}, "4": {"execution_time": 0.3091306686401367, "passed": true}, "5": {"execution_time": 0.2921733856201172, "passed": true}, "6": {"execution_time": 0.3045365810394287, "passed": true}, "7": {"execution_time": 0.29781579971313477, "passed": true}, "8": {"execution_time": 0.2926008701324463, "passed": true}, "9": {"execution_time": 0.2944784164428711, "passed": true}, "10": {"execution_time": 0.29943132400512695, "passed": true}, "11": {"execution_time": 0.2846527099609375, "passed": true}, "12": {"execution_time": 0.29279637336730957, "passed": true}, "13": {"execution_time": 0.29865193367004395, "passed": true}, "14": {"execution_time": 0.3027057647705078, "passed": true}, "15": {"execution_time": 0.31109166145324707, "passed": true}, "16": {"execution_time": 0.3334648609161377, "passed": true}, "17": {"execution_time": 0.35596370697021484, "passed": true}, "18": {"execution_time": 0.3394031524658203, "passed": true}, "19": {"execution_time": 0.4023313522338867, "passed": true}, "20": {"execution_time": 0.3701777458190918, "passed": true}, "21": {"execution_time": 0.3048131465911865, "passed": true}, "22": {"execution_time": 0.41645193099975586, "passed": true}, "23": {"execution_time": 0.4145505428314209, "passed": true}}}, "check_style_score": "0/1"}