{"version": "1", "message": "ERROR: Hidden Testcases server unreachable.", "problem_id": "ads2_m2_a1_1", "user_id": "KujithaMannepuri", "score": {"sample": {"0": {"execution_time": 0.26387810707092285, "passed": true}, "1": {"execution_time": 0.33252525329589844, "passed": true}, "2": {"execution_time": 0.3106224536895752, "passed": true}, "3": {"execution_time": 0.2934107780456543, "passed": true}, "4": {"execution_time": 0.2977001667022705, "passed": true}, "5": {"execution_time": 0.29259538650512695, "passed": true}, "6": {"execution_time": 0.29943203926086426, "passed": true}, "7": {"execution_time": 0.2921159267425537, "passed": true}, "8": {"execution_time": 0.30115222930908203, "passed": true}, "9": {"execution_time": 0.31452178955078125, "passed": true}, "10": {"execution_time": 0.2829158306121826, "passed": true}, "11": {"execution_time": 0.31295323371887207, "passed": true}, "12": {"execution_time": 0.2976348400115967, "passed": true}, "13": {"execution_time": 0.30025219917297363, "passed": true}, "14": {"execution_time": 0.29876232147216797, "passed": true}, "15": {"execution_time": 0.34192848205566406, "passed": true}, "16": {"execution_time": 0.34836769104003906, "passed": true}, "17": {"execution_time": 0.4739682674407959, "passed": true}, "18": {"execution_time": 0.37272095680236816, "passed": true}, "19": {"execution_time": 0.371579647064209, "passed": true}, "20": {"execution_time": 0.37914466857910156, "passed": true}, "21": {"execution_time": 0.3174445629119873, "passed": true}, "22": {"execution_time": 0.39574146270751953, "passed": true}, "23": {"execution_time": 0.4149787425994873, "passed": true}}}, "check_style_score": "0/1"}