{"version": "1", "message": "ERROR: Hidden Testcases server unreachable.", "problem_id": "ads2_m6_a1_1", "user_id": "KujithaMannepuri", "score": {"sample": {"0": {"execution_time": 0.24243927001953125, "passed": false}, "1": {"execution_time": 0.3200838565826416, "passed": false}, "2": {"execution_time": 0.30435705184936523, "passed": false}, "3": {"execution_time": 0.4284694194793701, "passed": false}, "4": {"execution_time": 0.45277881622314453, "passed": false}, "5": {"execution_time": 0.23092412948608398, "passed": false}, "6": {"execution_time": 0.2241816520690918, "passed": false}, "7": {"execution_time": 0.44260525703430176, "passed": false}, "8": {"execution_time": 0.4096376895904541, "passed": false}, "9": {"execution_time": 0.24727272987365723, "passed": false}, "10": {"execution_time": 0.20351624488830566, "passed": false}, "11": {"execution_time": 0.23303627967834473, "passed": false}}}, "check_style_score": "0/1"}