{"version": "1", "message": "ERROR: Hidden Testcases server unreachable.", "problem_id": "ads2_m6_a1_1", "user_id": "KujithaMannepuri", "score": {"sample": {"0": {"execution_time": 0.29871416091918945, "passed": false}, "1": {"execution_time": 0.30373382568359375, "passed": false}, "2": {"execution_time": 0.2464454174041748, "passed": false}, "3": {"execution_time": 0.403989315032959, "passed": false}, "4": {"execution_time": 0.4342498779296875, "passed": false}, "5": {"execution_time": 0.21370816230773926, "passed": false}, "6": {"execution_time": 0.28403687477111816, "passed": true}, "7": {"execution_time": 0.45312023162841797, "passed": false}, "8": {"execution_time": 0.40477538108825684, "passed": true}, "9": {"execution_time": 0.2666053771972656, "passed": false}, "10": {"execution_time": 0.32637524604797363, "passed": true}, "11": {"execution_time": 0.41787290573120117, "passed": false}}}, "check_style_score": "0/1"}