{"version": "1", "message": "ERROR: Hidden Testcases server unreachable.", "problem_id": "ads2_m6_a1_1", "user_id": "KujithaMannepuri", "score": {"sample": {"0": {"execution_time": 0.35632967948913574, "passed": false}, "1": {"execution_time": 0.24554204940795898, "passed": false}, "2": {"execution_time": 0.46262049674987793, "passed": false}, "3": {"execution_time": 0.4092521667480469, "passed": false}, "4": {"execution_time": 0.2324535846710205, "passed": false}, "5": {"execution_time": 0.29546570777893066, "passed": false}, "6": {"execution_time": 0.4387671947479248, "passed": false}, "7": {"execution_time": 0.4072139263153076, "passed": false}, "8": {"execution_time": 0.4910883903503418, "passed": false}, "9": {"execution_time": 0.427448034286499, "passed": false}, "10": {"execution_time": 0.42098164558410645, "passed": false}, "11": {"execution_time": 0.43708276748657227, "passed": false}}}, "check_style_score": "0/1"}