{"version": "1", "message": "ERROR: Hidden Testcases server unreachable.", "problem_id": "ads2_m6_a1_1", "user_id": "KujithaMannepuri", "score": {"sample": {"0": {"execution_time": 0.29229283332824707, "passed": false}, "1": {"execution_time": 0.3378472328186035, "passed": false}, "2": {"execution_time": 0.4611063003540039, "passed": false}, "3": {"execution_time": 0.4290595054626465, "passed": false}, "4": {"execution_time": 0.2321321964263916, "passed": false}, "5": {"execution_time": 0.20852994918823242, "passed": false}, "6": {"execution_time": 0.541548490524292, "passed": false}, "7": {"execution_time": 0.40209031105041504, "passed": false}, "8": {"execution_time": 0.2815976142883301, "passed": false}, "9": {"execution_time": 0.3269031047821045, "passed": false}, "10": {"execution_time": 0.38834261894226074, "passed": false}, "11": {"execution_time": 0.4182624816894531, "passed": false}}}, "check_style_score": "0/1"}