{"version": "1", "message": "ERROR: Hidden Testcases server unreachable.", "problem_id": "ads2_m6_a1_1", "user_id": "KujithaMannepuri", "score": {"sample": {"0": {"execution_time": 0.3498091697692871, "passed": false}, "1": {"execution_time": 0.30144500732421875, "passed": false}, "2": {"execution_time": 0.21294856071472168, "passed": false}, "3": {"execution_time": 0.4317038059234619, "passed": false}, "4": {"execution_time": 0.400921106338501, "passed": false}, "5": {"execution_time": 0.3043043613433838, "passed": false}, "6": {"execution_time": 0.27869415283203125, "passed": false}, "7": {"execution_time": 0.26371169090270996, "passed": false}, "8": {"execution_time": 0.4126863479614258, "passed": false}, "9": {"execution_time": 0.37022948265075684, "passed": false}, "10": {"execution_time": 0.3653988838195801, "passed": false}, "11": {"execution_time": 0.3960423469543457, "passed": false}}}, "check_style_score": "0/1"}