{"version": "1", "message": "ERROR: Hidden Testcases server unreachable.", "problem_id": "ads2_m6_a1_1", "user_id": "KujithaMannepuri", "score": {"sample": {"0": {"execution_time": 0.21153759956359863, "passed": false}, "1": {"execution_time": 0.34551501274108887, "passed": false}, "2": {"execution_time": 0.2705225944519043, "passed": false}, "3": {"execution_time": 0.28690266609191895, "passed": false}, "4": {"execution_time": 0.29906773567199707, "passed": false}, "5": {"execution_time": 0.4007737636566162, "passed": false}, "6": {"execution_time": 0.416759729385376, "passed": false}, "7": {"execution_time": 0.28455591201782227, "passed": false}, "8": {"execution_time": 0.2883782386779785, "passed": false}, "9": {"execution_time": 0.2295994758605957, "passed": false}, "10": {"execution_time": 0.46147894859313965, "passed": false}, "11": {"execution_time": 0.4246218204498291, "passed": false}}}, "check_style_score": "0/1"}