{"version": "1", "message": "ERROR: Hidden Testcases server unreachable.", "problem_id": "ads2_m6_a1_1", "user_id": "KujithaMannepuri", "score": {"sample": {"0": {"execution_time": 0.24828457832336426, "passed": false}, "1": {"execution_time": 0.21520376205444336, "passed": false}, "2": {"execution_time": 0.2149980068206787, "passed": false}, "3": {"execution_time": 0.43349790573120117, "passed": false}, "4": {"execution_time": 0.44386720657348633, "passed": false}, "5": {"execution_time": 0.21341371536254883, "passed": true}, "6": {"execution_time": 0.3025999069213867, "passed": true}, "7": {"execution_time": 0.46810293197631836, "passed": false}, "8": {"execution_time": 0.3891024589538574, "passed": true}, "9": {"execution_time": 0.43848085403442383, "passed": false}, "10": {"execution_time": 0.44742751121520996, "passed": true}, "11": {"execution_time": 0.4183461666107178, "passed": false}}}, "check_style_score": "0/1"}