{"version": "1", "message": "ERROR: Hidden Testcases server unreachable.", "problem_id": "ads2_m6_a1_1", "user_id": "KujithaMannepuri", "score": {"sample": {"0": {"execution_time": 0.3561837673187256, "passed": false}, "1": {"execution_time": 0.3759298324584961, "passed": false}, "2": {"execution_time": 0.36475419998168945, "passed": false}, "3": {"execution_time": 0.3403310775756836, "passed": false}, "4": {"execution_time": 0.374744176864624, "passed": false}, "5": {"execution_time": 0.36480021476745605, "passed": false}, "6": {"execution_time": 0.36806559562683105, "passed": false}, "7": {"execution_time": 0.3470194339752197, "passed": false}, "8": {"execution_time": 0.3598814010620117, "passed": false}, "9": {"execution_time": 0.35950613021850586, "passed": false}, "10": {"execution_time": 0.35512304306030273, "passed": false}, "11": {"execution_time": 0.3651442527770996, "passed": false}}}, "check_style_score": "0/1"}