{"version": "1", "message": "ERROR: Hidden Testcases server unreachable.", "problem_id": "ads2_m6_a1_1", "user_id": "KujithaMannepuri", "score": {"sample": {"0": {"execution_time": 0.30634212493896484, "passed": false}, "1": {"execution_time": 0.3227715492248535, "passed": false}, "2": {"execution_time": 0.46419215202331543, "passed": false}, "3": {"execution_time": 0.42856383323669434, "passed": false}, "4": {"execution_time": 0.20893526077270508, "passed": false}, "5": {"execution_time": 0.2876720428466797, "passed": false}, "6": {"execution_time": 0.44289374351501465, "passed": false}, "7": {"execution_time": 0.41672587394714355, "passed": false}, "8": {"execution_time": 0.3318169116973877, "passed": false}, "9": {"execution_time": 0.24824142456054688, "passed": false}, "10": {"execution_time": 0.4695627689361572, "passed": false}, "11": {"execution_time": 0.4441976547241211, "passed": false}}}, "check_style_score": "0/1"}