{"version": "1", "message": "ERROR: Hidden Testcases server unreachable.", "problem_id": "ads2_m6_a1_1", "user_id": "KujithaMannepuri", "score": {"sample": {"0": {"execution_time": 0.20557355880737305, "passed": false}, "1": {"execution_time": 0.22331953048706055, "passed": false}, "2": {"execution_time": 0.30884528160095215, "passed": false}, "3": {"execution_time": 0.4531681537628174, "passed": false}, "4": {"execution_time": 0.4096996784210205, "passed": false}, "5": {"execution_time": 0.2826399803161621, "passed": true}, "6": {"execution_time": 0.313673734664917, "passed": true}, "7": {"execution_time": 0.4028172492980957, "passed": false}, "8": {"execution_time": 0.42645692825317383, "passed": true}, "9": {"execution_time": 0.465010404586792, "passed": false}, "10": {"execution_time": 0.4044759273529053, "passed": true}, "11": {"execution_time": 0.4096798896789551, "passed": false}}}, "check_style_score": "0/1"}