{"version": "1", "message": "ERROR: Hidden Testcases server unreachable.", "problem_id": "ads2_m6_a1_1", "user_id": "KujithaMannepuri", "score": {"sample": {"0": {"execution_time": 0.24193406105041504, "passed": false}, "1": {"execution_time": 0.29251694679260254, "passed": false}, "2": {"execution_time": 0.3021852970123291, "passed": false}, "3": {"execution_time": 0.2367854118347168, "passed": false}, "4": {"execution_time": 0.19132184982299805, "passed": false}, "5": {"execution_time": 0.19229817390441895, "passed": false}, "6": {"execution_time": 0.1494126319885254, "passed": false}, "7": {"execution_time": 0.29241394996643066, "passed": false}, "8": {"execution_time": 0.3866231441497803, "passed": false}, "9": {"execution_time": 0.15340495109558105, "passed": false}, "10": {"execution_time": 0.23677277565002441, "passed": false}, "11": {"execution_time": 0.29152560234069824, "passed": false}}}, "check_style_score": "0/1"}