{"version": "1", "message": "ERROR: Hidden Testcases server unreachable.", "problem_id": "ads2_m6_a1_1", "user_id": "KujithaMannepuri", "score": {"sample": {"0": {"execution_time": 0.24181199073791504, "passed": false}, "1": {"execution_time": 0.34760141372680664, "passed": false}, "2": {"execution_time": 0.3633430004119873, "passed": false}, "3": {"execution_time": 0.19672918319702148, "passed": false}, "4": {"execution_time": 0.18355822563171387, "passed": false}, "5": {"execution_time": 0.34023094177246094, "passed": false}, "6": {"execution_time": 0.3389253616333008, "passed": false}, "7": {"execution_time": 0.37899351119995117, "passed": false}, "8": {"execution_time": 0.3728911876678467, "passed": false}, "9": {"execution_time": 0.3736240863800049, "passed": false}, "10": {"execution_time": 0.3388841152191162, "passed": false}, "11": {"execution_time": 0.3700435161590576, "passed": false}}}, "check_style_score": "0/1"}