{"version": "1", "message": "ERROR: Hidden Testcases server unreachable.", "problem_id": "ads2_m6_a1_1", "user_id": "KujithaMannepuri", "score": {"sample": {"0": {"execution_time": 0.24342989921569824, "passed": false}, "1": {"execution_time": 0.3056631088256836, "passed": false}, "2": {"execution_time": 0.2670774459838867, "passed": false}, "3": {"execution_time": 0.24538087844848633, "passed": false}, "4": {"execution_time": 0.2364060878753662, "passed": false}, "5": {"execution_time": 0.42662692070007324, "passed": false}, "6": {"execution_time": 0.4035224914550781, "passed": false}, "7": {"execution_time": 0.22310566902160645, "passed": false}, "8": {"execution_time": 0.25769758224487305, "passed": false}, "9": {"execution_time": 0.30198240280151367, "passed": false}, "10": {"execution_time": 0.4826200008392334, "passed": false}, "11": {"execution_time": 0.42369556427001953, "passed": false}}}, "check_style_score": "0/1"}