{"version": "1", "message": "ERROR: Hidden Testcases server unreachable.", "problem_id": "ads2_m6_a1_1", "user_id": "KujithaMannepuri", "score": {"sample": {"0": {"execution_time": 0.3813815116882324, "passed": false}, "1": {"execution_time": 0.3642539978027344, "passed": false}, "2": {"execution_time": 0.3756253719329834, "passed": false}, "3": {"execution_time": 0.35624051094055176, "passed": false}, "4": {"execution_time": 0.40326380729675293, "passed": false}, "5": {"execution_time": 0.40627598762512207, "passed": false}, "6": {"execution_time": 0.4585423469543457, "passed": false}, "7": {"execution_time": 0.3555581569671631, "passed": false}, "8": {"execution_time": 0.37719130516052246, "passed": false}, "9": {"execution_time": 0.3990437984466553, "passed": false}, "10": {"execution_time": 0.3905045986175537, "passed": false}, "11": {"execution_time": 0.3775801658630371, "passed": false}}}, "check_style_score": "0/1"}