{"version": "1", "message": "ERROR: Hidden Testcases server unreachable.", "problem_id": "ads2_m16_a1_1", "user_id": "KujithaMannepuri", "score": {"sample": {"0": {"execution_time": 0.5498807430267334, "passed": true}, "1": {"execution_time": 0.5784754753112793, "passed": true}, "2": {"execution_time": 1.1458885669708252, "passed": true}, "3": {"execution_time": 1.2387688159942627, "passed": true}, "4": {"execution_time": 1.291919231414795, "passed": true}, "5": {"execution_time": 1.222076177597046, "passed": true}, "6": {"execution_time": 1.31333327293396, "passed": true}, "7": {"execution_time": 1.299149751663208, "passed": true}, "8": {"execution_time": 0.6753287315368652, "passed": true}, "9": {"execution_time": 1.2837483882904053, "passed": true}, "10": {"execution_time": 1.2498488426208496, "passed": true}, "11": {"execution_time": 8.342100858688354, "passed": true}, "12": {"execution_time": 1.2520332336425781, "passed": true}, "13": {"execution_time": 0.4974057674407959, "passed": true}, "14": {"execution_time": 1.3001487255096436, "passed": true}, "15": {"execution_time": 1.2556583881378174, "passed": true}, "16": {"execution_time": 0.6348657608032227, "passed": true}, "17": {"execution_time": 0.6147997379302979, "passed": true}, "18": {"execution_time": 0.6632838249206543, "passed": true}, "19": {"execution_time": 0.6110267639160156, "passed": true}, "20": {"execution_time": 0.8377020359039307, "passed": true}, "21": {"execution_time": 0.6294717788696289, "passed": true}, "22": {"execution_time": 0.6058330535888672, "passed": true}, "23": {"execution_time": 0.6113631725311279, "passed": true}, "24": {"execution_time": 0.47339916229248047, "passed": true}, "25": {"execution_time": 1.5452828407287598, "passed": true}, "26": {"execution_time": 1.2401440143585205, "passed": true}, "27": {"execution_time": 1.4908723831176758, "passed": true}, "28": {"execution_time": 2.340867042541504, "passed": true}, "29": {"execution_time": 0.4614262580871582, "passed": true}}}, "check_style_score": "0/1"}