{"version": "1", "message": "ERROR: Hidden Testcases server unreachable.", "problem_id": "ads2_m16_a1_1", "user_id": "KujithaMannepuri", "score": {"sample": {"0": {"execution_time": 0.4707515239715576, "passed": true}, "1": {"execution_time": 0.5137405395507812, "passed": true}, "2": {"execution_time": 1.110203504562378, "passed": true}, "3": {"execution_time": 1.1410937309265137, "passed": true}, "4": {"execution_time": 1.1617281436920166, "passed": true}, "5": {"execution_time": 1.136598825454712, "passed": true}, "6": {"execution_time": 1.133603572845459, "passed": true}, "7": {"execution_time": 1.2916085720062256, "passed": true}, "8": {"execution_time": 0.6585135459899902, "passed": true}, "9": {"execution_time": 1.3015573024749756, "passed": true}, "10": {"execution_time": 1.2301619052886963, "passed": true}, "11": {"execution_time": 8.579999446868896, "passed": true}, "12": {"execution_time": 1.2275888919830322, "passed": true}, "13": {"execution_time": 0.47850608825683594, "passed": true}, "14": {"execution_time": 1.2037835121154785, "passed": true}, "15": {"execution_time": 1.214362621307373, "passed": true}, "16": {"execution_time": 0.5888457298278809, "passed": true}, "17": {"execution_time": 0.5875368118286133, "passed": true}, "18": {"execution_time": 0.6041598320007324, "passed": true}, "19": {"execution_time": 0.6344363689422607, "passed": true}, "20": {"execution_time": 0.7040627002716064, "passed": true}, "21": {"execution_time": 0.6112029552459717, "passed": true}, "22": {"execution_time": 0.6162598133087158, "passed": true}, "23": {"execution_time": 0.6425597667694092, "passed": true}, "24": {"execution_time": 0.46210241317749023, "passed": true}, "25": {"execution_time": 1.642775297164917, "passed": true}, "26": {"execution_time": 1.2993693351745605, "passed": true}, "27": {"execution_time": 1.5929274559020996, "passed": true}, "28": {"execution_time": 2.402637243270874, "passed": true}, "29": {"execution_time": 0.532219409942627, "passed": true}}}, "check_style_score": "0/1"}