{"version": "1", "message": "ERROR: Hidden Testcases server unreachable.", "problem_id": "ads2_m16_a1_1", "user_id": "KujithaMannepuri", "score": {"sample": {"0": {"execution_time": 0.842628002166748, "passed": true}, "1": {"execution_time": 0.6065905094146729, "passed": true}, "2": {"execution_time": 1.2838153839111328, "passed": true}, "3": {"execution_time": 1.4289770126342773, "passed": true}, "4": {"execution_time": 1.253763198852539, "passed": true}, "5": {"execution_time": 1.2219479084014893, "passed": true}, "6": {"execution_time": 1.2405149936676025, "passed": true}, "7": {"execution_time": 1.2372219562530518, "passed": true}, "8": {"execution_time": 0.6615200042724609, "passed": true}, "9": {"execution_time": 1.1497406959533691, "passed": true}, "10": {"execution_time": 1.2566862106323242, "passed": true}, "11": {"execution_time": 8.390485048294067, "passed": true}, "12": {"execution_time": 1.1706163883209229, "passed": true}, "13": {"execution_time": 0.5600590705871582, "passed": true}, "14": {"execution_time": 1.162675380706787, "passed": true}, "15": {"execution_time": 1.1574766635894775, "passed": true}, "16": {"execution_time": 0.7010517120361328, "passed": true}, "17": {"execution_time": 0.6082749366760254, "passed": true}, "18": {"execution_time": 0.6043381690979004, "passed": true}, "19": {"execution_time": 0.6629588603973389, "passed": true}, "20": {"execution_time": 0.8327860832214355, "passed": true}, "21": {"execution_time": 0.6180169582366943, "passed": true}, "22": {"execution_time": 0.6047990322113037, "passed": true}, "23": {"execution_time": 0.5901455879211426, "passed": true}, "24": {"execution_time": 0.5054481029510498, "passed": true}, "25": {"execution_time": 1.5221586227416992, "passed": true}, "26": {"execution_time": 1.2938001155853271, "passed": true}, "27": {"execution_time": 1.6960406303405762, "passed": true}, "28": {"execution_time": 2.3691775798797607, "passed": true}, "29": {"execution_time": 0.72342848777771, "passed": false}}}, "check_style_score": "0/1"}