{"version": "1", "message": "ERROR: Hidden Testcases server unreachable.", "problem_id": "ads2_m16_a1_1", "user_id": "KujithaMannepuri", "score": {"sample": {"0": {"execution_time": 0.5132265090942383, "passed": true}, "1": {"execution_time": 0.4991285800933838, "passed": true}, "2": {"execution_time": 1.0437030792236328, "passed": true}, "3": {"execution_time": 1.0332601070404053, "passed": true}, "4": {"execution_time": 1.0250358581542969, "passed": true}, "5": {"execution_time": 1.0747497081756592, "passed": true}, "6": {"execution_time": 1.069739580154419, "passed": true}, "7": {"execution_time": 1.0111422538757324, "passed": true}, "8": {"execution_time": 0.5985698699951172, "passed": true}, "9": {"execution_time": 1.0287859439849854, "passed": true}, "10": {"execution_time": 1.0617926120758057, "passed": true}, "11": {"execution_time": 7.211498975753784, "passed": true}, "12": {"execution_time": 1.053274154663086, "passed": true}, "13": {"execution_time": 0.44212961196899414, "passed": true}, "14": {"execution_time": 1.0087394714355469, "passed": true}, "15": {"execution_time": 1.0304458141326904, "passed": true}, "16": {"execution_time": 0.5475876331329346, "passed": true}, "17": {"execution_time": 0.5608401298522949, "passed": true}, "18": {"execution_time": 0.5843453407287598, "passed": true}, "19": {"execution_time": 0.5850124359130859, "passed": true}, "20": {"execution_time": 0.6341555118560791, "passed": true}, "21": {"execution_time": 0.5550487041473389, "passed": true}, "22": {"execution_time": 0.5885319709777832, "passed": true}, "23": {"execution_time": 0.5710737705230713, "passed": true}, "24": {"execution_time": 0.4162008762359619, "passed": true}, "25": {"execution_time": 1.3399014472961426, "passed": true}, "26": {"execution_time": 1.2564365863800049, "passed": true}, "27": {"execution_time": 1.4789762496948242, "passed": true}, "28": {"execution_time": 2.2863259315490723, "passed": true}, "29": {"execution_time": 0.46711063385009766, "passed": true}}}, "check_style_score": "0/1"}