{"version": "1", "message": "ERROR: Hidden Testcases server unreachable.", "problem_id": "ads2_m16_a1_1", "user_id": "KujithaMannepuri", "score": {"sample": {"0": {"execution_time": 0.5521435737609863, "passed": true}, "1": {"execution_time": 0.5404040813446045, "passed": true}, "2": {"execution_time": 1.2702162265777588, "passed": true}, "3": {"execution_time": 1.1740400791168213, "passed": true}, "4": {"execution_time": 1.1460132598876953, "passed": true}, "5": {"execution_time": 1.2389295101165771, "passed": true}, "6": {"execution_time": 1.169799566268921, "passed": true}, "7": {"execution_time": 1.2048919200897217, "passed": true}, "8": {"execution_time": 0.726917028427124, "passed": true}, "9": {"execution_time": 1.2198097705841064, "passed": true}, "10": {"execution_time": 1.0927112102508545, "passed": true}, "11": {"execution_time": 8.815694332122803, "passed": true}, "12": {"execution_time": 1.2583491802215576, "passed": true}, "13": {"execution_time": 0.5046100616455078, "passed": true}, "14": {"execution_time": 1.1664772033691406, "passed": true}, "15": {"execution_time": 1.2124297618865967, "passed": true}, "16": {"execution_time": 0.6797523498535156, "passed": true}, "17": {"execution_time": 0.6645376682281494, "passed": true}, "18": {"execution_time": 0.6139087677001953, "passed": true}, "19": {"execution_time": 0.6365845203399658, "passed": true}, "20": {"execution_time": 0.790830135345459, "passed": true}, "21": {"execution_time": 0.6194067001342773, "passed": true}, "22": {"execution_time": 0.6278598308563232, "passed": true}, "23": {"execution_time": 0.6262493133544922, "passed": true}, "24": {"execution_time": 0.4514179229736328, "passed": true}, "25": {"execution_time": 1.859501600265503, "passed": true}, "26": {"execution_time": 1.2379257678985596, "passed": true}, "27": {"execution_time": 1.6075234413146973, "passed": true}, "28": {"execution_time": 2.3899459838867188, "passed": true}, "29": {"execution_time": 0.448577880859375, "passed": true}}}, "check_style_score": "0/1"}