{"version": "1", "message": "ERROR: Hidden Testcases server unreachable.", "problem_id": "ads2_m16_a1_1", "user_id": "KujithaMannepuri", "score": {"sample": {"0": {"execution_time": 0.6292545795440674, "passed": false}, "1": {"execution_time": 0.32631969451904297, "passed": false}, "2": {"execution_time": 0.5566267967224121, "passed": false}, "3": {"execution_time": 0.45975542068481445, "passed": false}, "4": {"execution_time": 0.7136240005493164, "passed": false}, "5": {"execution_time": 0.6826081275939941, "passed": false}, "6": {"execution_time": 0.4080328941345215, "passed": false}, "7": {"execution_time": 0.4168856143951416, "passed": false}, "8": {"execution_time": 0.3170125484466553, "passed": false}, "9": {"execution_time": 0.7040870189666748, "passed": false}, "10": {"execution_time": 0.6830441951751709, "passed": false}, "11": {"execution_time": 0.36284708976745605, "passed": false}, "12": {"execution_time": 0.6687119007110596, "passed": false}, "13": {"execution_time": 0.4038963317871094, "passed": true}, "14": {"execution_time": 0.7399144172668457, "passed": false}, "15": {"execution_time": 0.7267942428588867, "passed": false}, "16": {"execution_time": 0.48754453659057617, "passed": false}, "17": {"execution_time": 0.4528014659881592, "passed": false}, "18": {"execution_time": 0.4564225673675537, "passed": false}, "19": {"execution_time": 0.4751918315887451, "passed": false}, "20": {"execution_time": 0.3249950408935547, "passed": false}, "21": {"execution_time": 0.34520387649536133, "passed": false}, "22": {"execution_time": 0.31884288787841797, "passed": false}, "23": {"execution_time": 0.4678370952606201, "passed": false}, "24": {"execution_time": 0.4070427417755127, "passed": true}, "25": {"execution_time": 0.6755175590515137, "passed": false}, "26": {"execution_time": 0.6497757434844971, "passed": false}, "27": {"execution_time": 0.6741230487823486, "passed": false}, "28": {"execution_time": 1.07307767868042, "passed": false}, "29": {"execution_time": 0.5459880828857422, "passed": false}}}, "check_style_score": "0/1"}