{"version": "1", "message": "ERROR: Hidden Testcases server unreachable.", "problem_id": "ads2_m16_a1_1", "user_id": "KujithaMannepuri", "score": {"sample": {"0": {"execution_time": 0.22498369216918945, "passed": false}, "1": {"execution_time": 0.24683022499084473, "passed": false}, "2": {"execution_time": 0.367354154586792, "passed": false}, "3": {"execution_time": 0.31524205207824707, "passed": false}, "4": {"execution_time": 0.3491828441619873, "passed": false}, "5": {"execution_time": 0.34134674072265625, "passed": false}, "6": {"execution_time": 0.37503480911254883, "passed": false}, "7": {"execution_time": 0.33481574058532715, "passed": false}, "8": {"execution_time": 0.2739276885986328, "passed": false}, "9": {"execution_time": 0.35421085357666016, "passed": false}, "10": {"execution_time": 0.3474280834197998, "passed": false}, "11": {"execution_time": 0.23585295677185059, "passed": false}, "12": {"execution_time": 0.37928175926208496, "passed": false}, "13": {"execution_time": 0.23010897636413574, "passed": true}, "14": {"execution_time": 0.3632974624633789, "passed": false}, "15": {"execution_time": 0.3771951198577881, "passed": false}, "16": {"execution_time": 0.2885134220123291, "passed": false}, "17": {"execution_time": 0.3341507911682129, "passed": false}, "18": {"execution_time": 0.2707059383392334, "passed": false}, "19": {"execution_time": 0.2765774726867676, "passed": false}, "20": {"execution_time": 0.2691011428833008, "passed": false}, "21": {"execution_time": 0.26691389083862305, "passed": false}, "22": {"execution_time": 0.2845604419708252, "passed": false}, "23": {"execution_time": 0.3060777187347412, "passed": false}, "24": {"execution_time": 0.2082517147064209, "passed": true}, "25": {"execution_time": 0.3901996612548828, "passed": false}, "26": {"execution_time": 0.3573465347290039, "passed": false}, "27": {"execution_time": 0.33013200759887695, "passed": false}, "28": {"execution_time": 0.4474179744720459, "passed": false}, "29": {"execution_time": 0.231856107711792, "passed": false}}}, "check_style_score": "0/1"}