{"version": "1", "message": "ERROR: Hidden Testcases server unreachable.", "problem_id": "ads2_m16_a1_1", "user_id": "KujithaMannepuri", "score": {"sample": {"0": {"execution_time": 0.33164477348327637, "passed": true}, "1": {"execution_time": 0.4321165084838867, "passed": true}, "2": {"execution_time": 1.228454828262329, "passed": true}, "3": {"execution_time": 1.1866888999938965, "passed": true}, "4": {"execution_time": 1.160886287689209, "passed": true}, "5": {"execution_time": 1.179670810699463, "passed": true}, "6": {"execution_time": 1.1925733089447021, "passed": true}, "7": {"execution_time": 1.1860144138336182, "passed": true}, "8": {"execution_time": 0.6982038021087646, "passed": true}, "9": {"execution_time": 1.2325458526611328, "passed": true}, "10": {"execution_time": 1.1749613285064697, "passed": true}, "11": {"execution_time": 8.177130699157715, "passed": true}, "12": {"execution_time": 1.1300334930419922, "passed": true}, "13": {"execution_time": 0.45668840408325195, "passed": true}, "14": {"execution_time": 1.0909550189971924, "passed": true}, "15": {"execution_time": 1.2963030338287354, "passed": true}, "16": {"execution_time": 0.692258358001709, "passed": true}, "17": {"execution_time": 0.5947959423065186, "passed": true}, "18": {"execution_time": 0.6270387172698975, "passed": true}, "19": {"execution_time": 0.6321966648101807, "passed": true}, "20": {"execution_time": 0.6955578327178955, "passed": true}, "21": {"execution_time": 0.6068835258483887, "passed": true}, "22": {"execution_time": 0.6835622787475586, "passed": true}, "23": {"execution_time": 0.5978240966796875, "passed": true}, "24": {"execution_time": 0.44568896293640137, "passed": true}, "25": {"execution_time": 1.5143249034881592, "passed": true}, "26": {"execution_time": 1.1957447528839111, "passed": true}, "27": {"execution_time": 1.498124122619629, "passed": true}, "28": {"execution_time": 2.397103786468506, "passed": true}, "29": {"execution_time": 0.448169469833374, "passed": true}}}, "check_style_score": "0/1"}