{"version": "1", "message": "ERROR: Hidden Testcases server unreachable.", "problem_id": "ads2_m16_a1_1", "user_id": "KujithaMannepuri", "score": {"sample": {"0": {"execution_time": 0.5227997303009033, "passed": true}, "1": {"execution_time": 0.5227220058441162, "passed": true}, "2": {"execution_time": 1.0574572086334229, "passed": true}, "3": {"execution_time": 1.2021973133087158, "passed": true}, "4": {"execution_time": 1.2147314548492432, "passed": true}, "5": {"execution_time": 1.2585585117340088, "passed": true}, "6": {"execution_time": 1.228705644607544, "passed": true}, "7": {"execution_time": 1.1840739250183105, "passed": true}, "8": {"execution_time": 0.7297317981719971, "passed": true}, "9": {"execution_time": 1.257570505142212, "passed": true}, "10": {"execution_time": 1.142378568649292, "passed": true}, "11": {"execution_time": 8.432450532913208, "passed": true}, "12": {"execution_time": 1.299661636352539, "passed": true}, "13": {"execution_time": 0.48221755027770996, "passed": true}, "14": {"execution_time": 1.265873908996582, "passed": true}, "15": {"execution_time": 1.1822481155395508, "passed": true}, "16": {"execution_time": 0.6021115779876709, "passed": true}, "17": {"execution_time": 0.5949881076812744, "passed": true}, "18": {"execution_time": 0.5986793041229248, "passed": true}, "19": {"execution_time": 0.6835293769836426, "passed": true}, "20": {"execution_time": 0.6959447860717773, "passed": true}, "21": {"execution_time": 0.5887589454650879, "passed": true}, "22": {"execution_time": 0.6540966033935547, "passed": true}, "23": {"execution_time": 0.6540827751159668, "passed": true}, "24": {"execution_time": 0.44342827796936035, "passed": true}, "25": {"execution_time": 1.6015703678131104, "passed": true}, "26": {"execution_time": 1.240304708480835, "passed": true}, "27": {"execution_time": 1.579277515411377, "passed": true}, "28": {"execution_time": 2.360297441482544, "passed": true}, "29": {"execution_time": 0.46306324005126953, "passed": true}}}, "check_style_score": "0/1"}