{"version": "1", "message": "ERROR: Hidden Testcases server unreachable.", "problem_id": "ads2_m4_a1_1", "user_id": "KujithaMannepuri", "score": {"sample": {"0": {"execution_time": 0.2797861099243164, "passed": true}, "1": {"execution_time": 0.3224520683288574, "passed": true}, "2": {"execution_time": 0.2513570785522461, "passed": true}, "3": {"execution_time": 0.30210375785827637, "passed": true}, "4": {"execution_time": 0.2229602336883545, "passed": true}, "5": {"execution_time": 0.21564269065856934, "passed": true}, "6": {"execution_time": 0.24124407768249512, "passed": true}, "7": {"execution_time": 0.26050233840942383, "passed": true}, "8": {"execution_time": 0.20479464530944824, "passed": true}, "9": {"execution_time": 0.21088504791259766, "passed": true}, "10": {"execution_time": 0.16956210136413574, "passed": true}, "11": {"execution_time": 0.17259478569030762, "passed": true}, "12": {"execution_time": 0.19251799583435059, "passed": true}, "13": {"execution_time": 0.8476972579956055, "passed": true}, "14": {"execution_time": 0.19875860214233398, "passed": true}}}, "check_style_score": "0/1"}