{"version": "1", "message": "ERROR: Hidden Testcases server unreachable.", "problem_id": "ads2_m4_a1_1", "user_id": "KujithaMannepuri", "score": {"sample": {"0": {"execution_time": 0.27394604682922363, "passed": true}, "1": {"execution_time": 0.21642136573791504, "passed": true}, "2": {"execution_time": 0.22739863395690918, "passed": true}, "3": {"execution_time": 0.2861216068267822, "passed": true}, "4": {"execution_time": 0.2179090976715088, "passed": true}, "5": {"execution_time": 0.24142718315124512, "passed": true}, "6": {"execution_time": 0.20820379257202148, "passed": true}, "7": {"execution_time": 0.24634146690368652, "passed": true}, "8": {"execution_time": 0.2364966869354248, "passed": true}, "9": {"execution_time": 0.21062660217285156, "passed": true}, "10": {"execution_time": 0.18034815788269043, "passed": true}, "11": {"execution_time": 0.20276379585266113, "passed": true}, "12": {"execution_time": 0.17533278465270996, "passed": true}, "13": {"execution_time": 0.8667824268341064, "passed": true}, "14": {"execution_time": 0.19197511672973633, "passed": true}}}, "check_style_score": "0/1"}