{"version": "1", "message": "ERROR: Hidden Testcases server unreachable.", "problem_id": "ads2_m4_a1_1", "user_id": "KujithaMannepuri", "score": {"sample": {"0": {"execution_time": 0.2747774124145508, "passed": true}, "1": {"execution_time": 0.262514591217041, "passed": true}, "2": {"execution_time": 0.2712740898132324, "passed": true}, "3": {"execution_time": 0.30922746658325195, "passed": true}, "4": {"execution_time": 0.21143102645874023, "passed": true}, "5": {"execution_time": 0.22140741348266602, "passed": true}, "6": {"execution_time": 0.24761557579040527, "passed": true}, "7": {"execution_time": 0.2715761661529541, "passed": true}, "8": {"execution_time": 0.21295475959777832, "passed": true}, "9": {"execution_time": 0.18040704727172852, "passed": true}, "10": {"execution_time": 0.1774895191192627, "passed": true}, "11": {"execution_time": 0.16846728324890137, "passed": true}, "12": {"execution_time": 0.1745309829711914, "passed": true}, "13": {"execution_time": 0.8478002548217773, "passed": true}, "14": {"execution_time": 0.16956615447998047, "passed": true}}}, "check_style_score": "0/1"}