{"version": "1", "message": "ERROR: Hidden Testcases server unreachable.", "problem_id": "ads2_m4_a1_1", "user_id": "KujithaMannepuri", "score": {"sample": {"0": {"execution_time": 0.46287035942077637, "passed": true}, "1": {"execution_time": 0.5797622203826904, "passed": true}, "2": {"execution_time": 0.6277647018432617, "passed": true}, "3": {"execution_time": 0.5553200244903564, "passed": true}, "4": {"execution_time": 0.498035192489624, "passed": true}, "5": {"execution_time": 0.4060211181640625, "passed": true}, "6": {"execution_time": 0.3913860321044922, "passed": true}, "7": {"execution_time": 0.377701997756958, "passed": true}, "8": {"execution_time": 0.40684962272644043, "passed": true}, "9": {"execution_time": 0.32816481590270996, "passed": true}, "10": {"execution_time": 0.35019445419311523, "passed": true}, "11": {"execution_time": 0.359677791595459, "passed": true}, "12": {"execution_time": 0.37206411361694336, "passed": true}, "13": {"execution_time": 1.8960986137390137, "passed": true}, "14": {"execution_time": 0.3310554027557373, "passed": true}}}, "check_style_score": "0/1"}