{"version": "1", "message": "ERROR: Hidden Testcases server unreachable.", "problem_id": "ads2_m4_a1_1", "user_id": "KujithaMannepuri", "score": {"sample": {"0": {"execution_time": 0.2937605381011963, "passed": true}, "1": {"execution_time": 0.2204451560974121, "passed": true}, "2": {"execution_time": 0.2563142776489258, "passed": true}, "3": {"execution_time": 0.26927900314331055, "passed": true}, "4": {"execution_time": 0.20943856239318848, "passed": true}, "5": {"execution_time": 0.2099473476409912, "passed": true}, "6": {"execution_time": 0.2793447971343994, "passed": true}, "7": {"execution_time": 0.2184615135192871, "passed": true}, "8": {"execution_time": 0.29364776611328125, "passed": true}, "9": {"execution_time": 0.18749761581420898, "passed": true}, "10": {"execution_time": 0.2058241367340088, "passed": true}, "11": {"execution_time": 0.23631644248962402, "passed": true}, "12": {"execution_time": 0.2560608386993408, "passed": true}, "13": {"execution_time": 0.864774227142334, "passed": true}, "14": {"execution_time": 0.21564126014709473, "passed": true}}}, "check_style_score": "0/1"}